Workbook
Name MyData: Clint!$A$1:$F$51
Name Sdata: 'Sales Data'!$A$1:$K$51
Name Slicer_Department: #N/A
Name Slicer_Name_of_Month: #N/A
Name Slicer_Product_Name: #N/A
Name Slicer_Region: #N/A
Name Slicer_Year: #N/A

Sheet Dashboard2
B6: 10
D15: Sales Person | E15: Sales Amount | F15: Product Name | G15: Sales Amount
D16: Amit | E16: 22369 | F16: Headphones | G16: 151821
D17: Priya | E17: 67894 | F17: Jeans | G17: 105414
D18: Sneha | E18: 104358 | F18: Shirt | G18: 73537
D19: Vikas | E19: 18008 | F19: Sugar | G19: 76617
D20: Grand Total | E20: 212629 | F20: T-Shirt | G20: 70983
F21: Grand Total | G21: 478372

Sheet Clint
A1: Year | B1: Month | C1: Name of Month | D1: Department | E1: Influx of New Client | F1: Target Achieved
A2: 2025 | B2: 12 | C2: December | D2: HR | E2: 142 | F2: Yes
A3: 2025 | B3: 9 | C3: September | D3: IT | E3: 52 | F3: Yes
A4: 2024 | B4: 11 | C4: November | D4: HR | E4: 96 | F4: Yes
A5: 2025 | B5: 12 | C5: December | D5: IT | E5: 56 | F5: Yes
A6: 2024 | B6: 8 | C6: August | D6: IT | E6: 86 | F6: Yes
A7: 2023 | B7: 12 | C7: December | D7: HR | E7: 64 | F7: Yes
A8: 2024 | B8: 11 | C8: November | D8: HR | E8: 52 | F8: Yes
A9: 2024 | B9: 3 | C9: March | D9: Sales | E9: 20 | F9: No
A10: 2024 | B10: 2 | C10: February | D10: Sales | E10: 105 | F10: Yes
A11: 2023 | B11: 5 | C11: May | D11: HR | E11: 53 | F11: Yes
A12: 2025 | B12: 5 | C12: May | D12: HR | E12: 20 | F12: Yes
A13: 2023 | B13: 10 | C13: October | D13: Sales | E13: 195 | F13: Yes
... A51: 2024 | B51: 3 | C51: March | D51: Marketing | E51: 29 | F51: Yes

Sheet Control
A1: Year | B1: (All)
A3: Row Labels | B3: Sum of Influx of New Client
A4: 3 | B4: 786
A5: Grand Total | B5: 786
A17: Year | B17: 2023
A19: Row Labels | B19: Sum of Influx of New Client
A20: 1 | B20: 63
A21: 2 | B21: 194
A22: 4 | B22: 97
A23: 9 | B23: 176
A24: 10 | B24: 195
A25: Grand Total | B25: 725

Sheet Processing
A1: Influx of New Client
C2: Clients | D2: Level2 | E2: Markers
A3: 1 | B3: January | D3: =IFERROR(GETPIVOTDATA("Influx of New Client",Control!$A$19,"Month",A3),NA()) -> 63 | E3: =IF(ISNA(D3),D3,C3) -> 0
A4: 2 | B4: February | C4: =GETPIVOTDATA("Influx of New Client",Control!$A$3,"Month",A4) -> #REF! | D4: =IFERROR(GETPIVOTDATA("Influx of New Client",Control!$A$19,"Month",A4),NA()) -> 194 | E4: =IF(ISNA(D4),D4,C4) -> #REF!
A5: 3 | B5: March | C5: =GETPIVOTDATA("Influx of New Client",Control!$A$3,"Month",A5) -> 786 | D5: =IFERROR(GETPIVOTDATA("Influx of New Client",Control!$A$19,"Month",A5),NA()) -> #N/A | E5: =IF(ISNA(D5),D5,C5) -> #N/A
A6: 4 | B6: April | C6: =GETPIVOTDATA("Influx of New Client",Control!$A$3,"Month",A6) -> #REF! | D6: =IFERROR(GETPIVOTDATA("Influx of New Client",Control!$A$19,"Month",A6),NA()) -> 97 | E6: =IF(ISNA(D6),D6,C6) -> #REF!
A7: 5 | B7: May | C7: =GETPIVOTDATA("Influx of New Client",Control!$A$3,"Month",A7) -> #REF! | D7: =IFERROR(GETPIVOTDATA("Influx of New Client",Control!$A$19,"Month",A7),NA()) -> #N/A | E7: =IF(ISNA(D7),D7,C7) -> #N/A
A8: 6 | B8: June | C8: =GETPIVOTDATA("Influx of New Client",Control!$A$3,"Month",A8) -> #REF! | D8: =IFERROR(GETPIVOTDATA("Influx of New Client",Control!$A$19,"Month",A8),NA()) -> #N/A | E8: =IF(ISNA(D8),D8,C8) -> #N/A
A9: 7 | B9: July | C9: =GETPIVOTDATA("Influx of New Client",Control!$A$3,"Month",A9) -> #REF! | D9: =IFERROR(GETPIVOTDATA("Influx of New Client",Control!$A$19,"Month",A9),NA()) -> #N/A | E9: =IF(ISNA(D9),D9,C9) -> #N/A
A10: 8 | B10: August | C10: =GETPIVOTDATA("Influx of New Client",Control!$A$3,"Month",A10) -> #REF! | D10: =IFERROR(GETPIVOTDATA("Influx of New Client",Control!$A$19,"Month",A10),NA()) -> #N/A | E10: =IF(ISNA(D10),D10,C10) -> #N/A
A11: 9 | B11: September | C11: =GETPIVOTDATA("Influx of New Client",Control!$A$3,"Month",A11) -> #REF! | D11: =IFERROR(GETPIVOTDATA("Influx of New Client",Control!$A$19,"Month",A11),NA()) -> 176 | E11: =IF(ISNA(D11),D11,C11) -> #REF!
A12: 10 | B12: October | C12: =GETPIVOTDATA("Influx of New Client",Control!$A$3,"Month",A12) -> #REF! | D12: =IFERROR(GETPIVOTDATA("Influx of New Client",Control!$A$19,"Month",A12),NA()) -> 195 | E12: =IF(ISNA(D12),D12,C12) -> #REF!
A13: 11 | B13: November | C13: =GETPIVOTDATA("Influx of New Client",Control!$A$3,"Month",A13) -> #REF! | D13: =IFERROR(GETPIVOTDATA("Influx of New Client",Control!$A$19,"Month",A13),NA()) -> #N/A | E13: =IF(ISNA(D13),D13,C13) -> #N/A
A14: 12 | B14: December | C14: =GETPIVOTDATA("Influx of New Client",Control!$A$3,"Month",A14) -> #REF! | D14: =IFERROR(GETPIVOTDATA("Influx of New Client",Control!$A$19,"Month",A14),NA()) -> #N/A | E14: =IF(ISNA(D14),D14,C14) -> #N/A
D15: =SUM(D3:D14) -> #N/A

Sheet Dashboard

Sheet Summary
A1: CLEAN DATA
A2: Month | B2: Sales Amount | D2: City | E2: Sales Amount | F2: Region | G2: Sales Amount | H2: Product Category | I2: Sales Amount | J2: Product Name | K2: Sales Amount | M2: Customer Name | N2: Sales Amount
A3: January | B3: =SUMIF('Sales Data'!$C$2:$C$51,A3,'Sales Data'!$I$2:$I$51) -> 132758 | D3: Patna | E3: =SUMIF('Sales Data'!$E$2:$E$51,D3,'Sales Data'!I2:I51) -> 154618 | F3: East | G3: =SUMIF('Sales Data'!$F$2:$F$51,F3,'Sales Data'!I2:I51) -> 212629 | H3: Grocery | I3: =SUMIF('Sales Data'!$G$2:$G$51,H3,'Sales Data'!I2:I51) -> 155973 | J3: Rice | K3: =SUMIF('Sales Data'!$H$2:$H$51,J3,'Sales Data'!I2:I51) -> 18792 | M3: Nisha Patel | N3: =SUMIF('Sales Data'!$D$2:$D$51,M3,'Sales Data'!$I$2:$I$51) -> 81111
A4: August | B4: =SUMIF('Sales Data'!$C$2:$C$51,A4,'Sales Data'!$I$2:$I$51) -> 76666 | D4: Bangalore | E4: =SUMIF('Sales Data'!$E$2:$E$51,D4,'Sales Data'!I3:I52) -> 61797 | F4: South | G4: =SUMIF('Sales Data'!$F$2:$F$51,F4,'Sales Data'!I3:I52) -> 347632 | H4: Electronics | I4: =SUMIF('Sales Data'!$G$2:$G$51,H4,'Sales Data'!I3:I52) -> 228660 | J4: Headphones | K4: =SUMIF('Sales Data'!$H$2:$H$51,J4,'Sales Data'!I3:I52) -> 90854 | M4: Manish Tiwari | N4: =SUMIF('Sales Data'!$D$2:$D$51,M4,'Sales Data'!$I$2:$I$51) -> 45225
A5: October | B5: =SUMIF('Sales Data'!$C$2:$C$51,A5,'Sales Data'!$I$2:$I$51) -> 46534 | D5: Kolkata | E5: =SUMIF('Sales Data'!$E$2:$E$51,D5,'Sales Data'!I4:I53) -> 42454 | F5: West | G5: =SUMIF('Sales Data'!$F$2:$F$51,F5,'Sales Data'!I4:I53) -> 139463 | H5: Clothing | I5: =SUMIF('Sales Data'!$G$2:$G$51,H5,'Sales Data'!I4:I53) -> 201761 | J5: Oil | K5: =SUMIF('Sales Data'!$H$2:$H$51,J5,'Sales Data'!I4:I53) -> 96868 | M5: Sonia Kumari | N5: =SUMIF('Sales Data'!$D$2:$D$51,M5,'Sales Data'!$I$2:$I$51) -> 17904
A6: April | B6: =SUMIF('Sales Data'!$C$2:$C$51,A6,'Sales Data'!$I$2:$I$51) -> 160820 | D6: Mumbai | E6: =SUMIF('Sales Data'!$E$2:$E$51,D6,'Sales Data'!I5:I54) -> 92346 | F6: North | G6: =SUMIF('Sales Data'!$F$2:$F$51,F6,'Sales Data'!I5:I54) -> 159580 | H6: Furniture | I6: =SUMIF('Sales Data'!$G$2:$G$51,H6,'Sales Data'!I5:I54) -> 103777 | J6: Tablet | K6: =SUMIF('Sales Data'!$H$2:$H$51,J6,'Sales Data'!I5:I54) -> 40743 | M6: Deepak Yadav | N6: =SUMIF('Sales Data'!$D$2:$D$51,M6,'Sales Data'!$I$2:$I$51) -> 64490
A7: June | B7: =SUMIF('Sales Data'!$C$2:$C$51,A7,'Sales Data'!$I$2:$I$51) -> 101409 | D7: Chennai | E7: =SUMIF('Sales Data'!$E$2:$E$51,D7,'Sales Data'!I6:I55) -> 110716 | J7: T-Shirt | K7: =SUMIF('Sales Data'!$H$2:$H$51,J7,'Sales Data'!I6:I55) -> 73052 | M7: Rohit Kumar | N7: =SUMIF('Sales Data'!$D$2:$D$51,M7,'Sales Data'!$I$2:$I$51) -> 20622
A8: May | B8: =SUMIF('Sales Data'!$C$2:$C$51,A8,'Sales Data'!$I$2:$I$51) -> 87993 | D8: Lucknow | E8: =SUMIF('Sales Data'!$E$2:$E$51,D8,'Sales Data'!I7:I56) -> 107163 | J8: Jeans | K8: =SUMIF('Sales Data'!$H$2:$H$51,J8,'Sales Data'!I7:I56) -> 55976 | M8: Sneha Roy | N8: =SUMIF('Sales Data'!$D$2:$D$51,M8,'Sales Data'!$I$2:$I$51) -> 111605
A9: September | B9: =SUMIF('Sales Data'!$C$2:$C$51,A9,'Sales Data'!$I$2:$I$51) -> 16799 | D9: Delhi | E9: =SUMIF('Sales Data'!$E$2:$E$51,D9,'Sales Data'!I8:I57) -> 54034 | J9: Sugar | K9: =SUMIF('Sales Data'!$H$2:$H$51,J9,'Sales Data'!I8:I57) -> 96051 | M9: Rahul Yadav | N9: =SUMIF('Sales Data'!$D$2:$D$51,M9,'Sales Data'!$I$2:$I$51) -> 92721
A10: July | B10: =SUMIF('Sales Data'!$C$2:$C$51,A10,'Sales Data'!$I$2:$I$51) -> 124461 | D10: Hyderabad | E10: =SUMIF('Sales Data'!$E$2:$E$51,D10,'Sales Data'!I9:I58) -> 108563 | J10: Jacket | K10: =SUMIF('Sales Data'!$H$2:$H$51,J10,'Sales Data'!I9:I58) -> 85468 | M10: Kavita Joshi | N10: =SUMIF('Sales Data'!$D$2:$D$51,M10,'Sales Data'!$I$2:$I$51) -> 167206
A11: March | B11: =SUMIF('Sales Data'!$C$2:$C$51,A11,'Sales Data'!$I$2:$I$51) -> 24120 | J11: Wardrobe | K11: =SUMIF('Sales Data'!$H$2:$H$51,J11,'Sales Data'!I10:I59) -> 46620 | M11: Riya Das | N11: =SUMIF('Sales Data'!$D$2:$D$51,M11,'Sales Data'!$I$2:$I$51) -> 16536
A12: February | B12: =SUMIF('Sales Data'!$C$2:$C$51,A12,'Sales Data'!$I$2:$I$51) -> 15466 | J12: Table | K12: =SUMIF('Sales Data'!$H$2:$H$51,J12,'Sales Data'!I11:I60) -> 5478 | M12: Neha Singh | N12: =SUMIF('Sales Data'!$D$2:$D$51,M12,'Sales Data'!$I$2:$I$51) -> 37990
J13: Shirt | K13: =SUMIF('Sales Data'!$H$2:$H$51,J13,'Sales Data'!I12:I61) -> 72196 | M13: Pooja Verma | N13: =SUMIF('Sales Data'!$D$2:$D$51,M13,'Sales Data'!$I$2:$I$51) -> 10740
J14: Chair | K14: =SUMIF('Sales Data'!$H$2:$H$51,J14,'Sales Data'!I13:I62) -> 54044 | M14: Amit Sharma | N14: =SUMIF('Sales Data'!$D$2:$D$51,M14,'Sales Data'!$I$2:$I$51) -> 25517
J15: Laptop | K15: =SUMIF('Sales Data'!$H$2:$H$51,J15,'Sales Data'!I14:I63) -> 43872 | M15: Ankit Gupta | N15: =SUMIF('Sales Data'!$D$2:$D$51,M15,'Sales Data'!$I$2:$I$51) -> 26608
J16: Sofa | K16: =SUMIF('Sales Data'!$H$2:$H$51,J16,'Sales Data'!I15:I64) -> 0 | M16: Harsh Agarwal | N16: =SUMIF('Sales Data'!$D$2:$D$51,M16,'Sales Data'!$I$2:$I$51) -> 41040
M17: Simran Kaur | N17: =SUMIF('Sales Data'!$D$2:$D$51,M17,'Sales Data'!$I$2:$I$51) -> 11967
M18: Arjun Mehta | N18: =SUMIF('Sales Data'!$D$2:$D$51,M18,'Sales Data'!$I$2:$I$51) -> 8409
M19: Vikas Singh | N19: =SUMIF('Sales Data'!$D$2:$D$51,M19,'Sales Data'!$I$2:$I$51) -> 7335

Sheet Sales Data
A1: Order ID | B1: Order Date | C1: Month | D1: Customer Name | E1: City | F1: Region | G1: Product Category | H1: Product Name | I1: Sales Amount | J1: Quantity | K1: Salesperson | M1: Customer Name | N1: Sales Amount | P1: Salesperson | Q1: Sales Amount | S1: Product Name | T1: Quantity
A2: 1001 | B2: 09-01-2025 | C2: January | D2: Nisha Patel | E2: Patna | F2: East | G2: Grocery | H2: Rice | I2: 18792 | J2: 6 | K2: Sneha | M2: Nisha Patel | N2: =SUMIF($D$2:$D$51,M2,$I$1:$I$51) -> 87606 | P2: Sneha | Q2: =SUMIF($K$2:$K$51,P2,$I$2:$I$51) -> 196915 | S2: Rice | T2: =SUMIF($H$2:$H$51,S2,$J$2:$J$51) -> 6
A3: 1002 | B3: 09-08-2025 | C3: August | D3: Manish Tiwari | E3: Bangalore | F3: South | G3: Electronics | H3: Headphones | I3: 16910 | J3: 5 | K3: Neha | M3: Manish Tiwari | N3: =SUMIF($D$2:$D$51,M3,$I$1:$I$51) -> 21760 | P3: Neha | Q3: =SUMIF($K$2:$K$51,P3,$I$2:$I$51) -> 217163 | S3: Headphones | T3: =SUMIF($H$2:$H$51,S3,$J$2:$J$51) -> 42
A4: 1003 | B4: 22-10-2025 | C4: October | D4: Sonia Kumari | E4: Kolkata | F4: East | G4: Grocery | H4: Oil | I4: 1426 | J4: 1 | K4: Priya | M4: Sonia Kumari | N4: =SUMIF($D$2:$D$51,M4,$I$1:$I$51) -> 58158 | P4: Priya | Q4: =SUMIF($K$2:$K$51,P4,$I$2:$I$51) -> 140431 | S4: Oil | T4: =SUMIF($H$2:$H$51,S4,$J$2:$J$51) -> 17
A5: 1004 | B5: 26-04-2025 | C5: April | D5: Deepak Yadav | E5: Mumbai | F5: West | G5: Electronics | H5: Tablet | I5: 18188 | J5: 4 | K5: Amit | M5: Deepak Yadav | N5: =SUMIF($D$2:$D$51,M5,$I$1:$I$51) -> 28940 | P5: Amit | Q5: =SUMIF($K$2:$K$51,P5,$I$2:$I$51) -> 119280 | S5: Tablet | T5: =SUMIF($H$2:$H$51,S5,$J$2:$J$51) -> 12
A6: 1005 | B6: 16-04-2025 | C6: April | D6: Rohit Kumar | E6: Chennai | F6: South | G6: Clothing | H6: T-Shirt | I6: 16944 | J6: 4 | K6: Priya | M6: Rohit Kumar | N6: =SUMIF($D$2:$D$51,M6,$I$1:$I$51) -> 31551 | P6: Vikas | Q6: =SUMIF($K$2:$K$51,P6,$I$2:$I$51) -> 81999 | S6: T-Shirt | T6: =SUMIF($H$2:$H$51,S6,$J$2:$J$51) -> 28
A7: 1006 | B7: 13-01-2025 | C7: January | D7: Sneha Roy | E7: Bangalore | F7: South | G7: Clothing | H7: Jeans | I7: 18105 | J7: 5 | K7: Vikas | M7: Sneha Roy | N7: =SUMIF($D$2:$D$51,M7,$I$1:$I$51) -> 31421 | P7: Rahul | Q7: =SUMIF($K$2:$K$51,P7,$I$2:$I$51) -> 31238 | S7: Jeans | T7: =SUMIF($H$2:$H$51,S7,$J$2:$J$51) -> 18
A8: 1007 | B8: 05-06-2025 | C8: June | D8: Rahul Yadav | E8: Chennai | F8: South | G8: Grocery | H8: Sugar | I8: 2612 | J8: 4 | K8: Vikas | M8: Rahul Yadav | N8: =SUMIF($D$2:$D$51,M8,$I$1:$I$51) -> 107809 | S8: Sugar | T8: =SUMIF($H$2:$H$51,S8,$J$2:$J$51) -> 28
A9: 1008 | B9: 05-10-2025 | C9: October | D9: Kavita Joshi | E9: Kolkata | F9: East | G9: Grocery | H9: Oil | I9: 32580 | J9: 9 | K9: Priya | M9: Kavita Joshi | N9: =SUMIF($D$2:$D$51,M9,$I$1:$I$51) -> 52428 | S9: Oil | T9: =SUMIF($H$2:$H$51,S9,$J$2:$J$51) -> 17
A10: 1009 | B10: 13-05-2025 | C10: May | D10: Riya Das | E10: Kolkata | F10: East | G10: Clothing | H10: Jacket | I10: 6741 | J10: 3 | K10: Priya | M10: Riya Das | N10: =SUMIF($D$2:$D$51,M10,$I$1:$I$51) -> 92260 | S10: Jacket | T10: =SUMIF($H$2:$H$51,S10,$J$2:$J$51) -> 22
A11: 1010 | B11: 23-04-2025 | C11: April | D11: Neha Singh | E11: Kolkata | F11: East | G11: Furniture | H11: Wardrobe | I11: 7284 | J11: 4 | K11: Priya | M11: Neha Singh | N11: =SUMIF($D$2:$D$51,M11,$I$1:$I$51) -> 42936 | S11: Wardrobe | T11: =SUMIF($H$2:$H$51,S11,$J$2:$J$51) -> 15
A12: 1011 | B12: 10-05-2025 | C12: May | D12: Deepak Yadav | E12: Lucknow | F12: North | G12: Furniture | H12: Table | I12: 9814 | J12: 2 | K12: Vikas | M12: Pooja Verma | N12: =SUMIF($D$2:$D$51,M12,$I$1:$I$51) -> 76200 | S12: Table | T12: =SUMIF($H$2:$H$51,S12,$J$2:$J$51) -> 2
A13: 1012 | B13: 18-09-2025 | C13: September | D13: Rohit Kumar | E13: Lucknow | F13: North | G13: Clothing | H13: Shirt | I13: 710 | J13: 1 | K13: Amit | M13: Amit Sharma | N13: =SUMIF($D$2:$D$51,M13,$I$1:$I$51) -> 20713 | S13: Shirt | T13: =SUMIF($H$2:$H$51,S13,$J$2:$J$51) -> 35
A14: 1013 | B14: 31-01-2025 | C14: January | D14: Sneha Roy | E14: Patna | F14: East | G14: Clothing | H14: Shirt | I14: 39048 | J14: 8 | K14: Sneha | M14: Ankit Gupta | N14: =SUMIF($D$2:$D$51,M14,$I$1:$I$51) -> 57405 | S14: Jeans | T14: =SUMIF($H$2:$H$51,S14,$J$2:$J$51) -> 18
A15: 1014 | B15: 09-01-2025 | C15: January | D15: Riya Das | E15: Bangalore | F15: South | G15: Grocery | H15: Oil | I15: 2093 | J15: 1 | K15: Sneha | M15: Harsh Agarwal | N15: =SUMIF($D$2:$D$51,M15,$I$1:$I$51) -> 9816 | S15: T-Shirt | T15: =SUMIF($H$2:$H$51,S15,$J$2:$J$51) -> 28
A16: 1015 | B16: 15-01-2025 | C16: January | D16: Neha Singh | E16: Bangalore | F16: South | G16: Clothing | H16: T-Shirt | I16: 3864 | J16: 7 | K16: Sneha | M16: Simran Kaur | N16: =SUMIF($D$2:$D$51,M16,$I$1:$I$51) -> 21130 | S16: Tablet | T16: =SUMIF($H$2:$H$51,S16,$J$2:$J$51) -> 12
A17: 1016 | B17: 20-04-2025 | C17: April | D17: Rahul Yadav | E17: Lucknow | F17: North | G17: Grocery | H17: Sugar | I17: 35160 | J17: 10 | K17: Neha | M17: Arjun Mehta | N17: =SUMIF($D$2:$D$51,M17,$I$1:$I$51) -> 11967 | S17: Headphones | T17: =SUMIF($H$2:$H$51,S17,$J$2:$J$51) -> 42
A18: 1017 | B18: 17-06-2025 | C18: June | D18: Pooja Verma | E18: Lucknow | F18: North | G18: Grocery | H18: Sugar | I18: 7899 | J18: 3 | K18: Sneha | M18: Vikas Singh | N18: =SUMIF($D$2:$D$51,M18,$I$1:$I$51) -> 22428 | S18: Chair | T18: =SUMIF($H$2:$H$51,S18,$J$2:$J$51) -> 21
A19: 1018 | B19: 28-06-2025 | C19: June | D19: Amit Sharma | E19: Chennai | F19: South | G19: Electronics | H19: Tablet | I19: 9140 | J19: 4 | K19: Amit | S19: Laptop | T19: =SUMIF($H$2:$H$51,S19,$J$2:$J$51) -> 17
A20: 1019 | B20: 04-07-2025 | C20: July | D20: Kavita Joshi | E20: Mumbai | F20: West | G20: Electronics | H20: Headphones | I20: 44577 | J20: 9 | K20: Sneha | S20: Sofa | T20: =SUMIF($H$2:$H$51,S20,$J$2:$J$51) -> 9
A21: 1020 | B21: 18-06-2025 | C21: June | D21: Ankit Gupta | E21: Patna | F21: East | G21: Electronics | H21: Headphones | I21: 5478 | J21: 6 | K21: Sneha
A22: 1021 | B22: 17-01-2025 | C22: January | D22: Rahul Yadav | E22: Delhi | F22: North | G22: Grocery | H22: Sugar | I22: 9816 | J22: 6 | K22: Neha
A23: 1022 | B23: 20-01-2025 | C23: January | D23: Harsh Agarwal | E23: Patna | F23: East | G23: Clothing | H23: Shirt | I23: 41040 | J23: 9 | K23: Sneha
A24: 1023 | B24: 24-09-2025 | C24: September | D24: Pooja Verma | E24: Delhi | F24: North | G24: Clothing | H24: T-Shirt | I24: 2841 | J24: 3 | K24: Sneha
A25: 1024 | B25: 12-03-2025 | C25: March | D25: Rahul Yadav | E25: Mumbai | F25: West | G25: Furniture | H25: Chair | I25: 6432 | J25: 8 | K25: Rahul
A26: 1025 | B26: 06-07-2025 | C26: July | D26: Sneha Roy | E26: Hyderabad | F26: South | G26: Clothing | H26: T-Shirt | I26: 19019 | J26: 7 | K26: Rahul
A27: 1026 | B27: 02-07-2025 | C27: July | D27: Kavita Joshi | E27: Bangalore | F27: South | G27: Electronics | H27: Headphones | I27: 40041 | J27: 9 | K27: Amit
A28: 1027 | B28: 25-07-2025 | C28: July | D28: Rahul Yadav | E28: Delhi | F28: North | G28: Clothing | H28: Jacket | I28: 5787 | J28: 9 | K28: Rahul
A29: 1028 | B29: 14-08-2025 | C29: August | D29: Neha Singh | E29: Patna | F29: East | G29: Furniture | H29: Chair | I29: 18008 | J29: 8 | K29: Vikas
A30: 1029 | B30: 25-04-2025 | C30: April | D30: Sonia Kumari | E30: Patna | F30: East | G30: Electronics | H30: Tablet | I30: 3980 | J30: 4 | K30: Amit
A31: 1030 | B31: 09-04-2025 | C31: April | D31: Amit Sharma | E31: Bangalore | F31: South | G31: Furniture | H31: Wardrobe | I31: 3549 | J31: 1 | K31: Neha
A32: 1031 | B32: 22-02-2025 | C32: February | D32: Rohit Kumar | E32: Hyderabad | F32: South | G32: Clothing | H32: Jacket | I32: 2968 | J32: 1 | K32: Sneha
... A51: 1050 | B51: 07-02-2025 | C51: February | D51: Sonia Kumari | E51: Bangalore | F51: South | G51: Grocery | H51: Oil | I51: 12498 | J51: 3 | K51: Neha
